tif_name,frame,bug_xy,innerback_xy,innerback_radius,innerback_radius_max,ellipse_center,ellipse_width,ellipse_height,ellipse_major,ellipse_minor,ellipse_angle,ellipse_angle_adjust,ellipse_center_intensity,ellipse_mean_intensity,area_ratio,z_sign,z_center,center,center_left,center_right,trackmate_ellipse_center,trackmate_ellipse_major,trackmate_ellipse_minor,trackmate_ellipse_angle,trackmate_z
I15_entry_0002.nd2 - C=0-1_pair45_407_475,0,[3.56211715 3.57632136],[5.54829375 5.56126397],3.3186603271101687,3.548699292430932,"(33.580196380615234, 33.68832778930664)",6.190825939178467,12.712013244628906,12.712013244628906,6.190825939178467,143.595703125,4.077014138042458,24205.0,28337.971830985916,0.833209892141093,-1,-1.2312408191843147,[ 3.6938216   3.70571606 -1.23124082],[ 3.93026051  4.03826313 -0.40027167],[ 3.52613857  3.47773369 -0.27064147],[3.56211715 3.57632136],1.448641786425753,0.653797212216917,0.9131444134664272,-1.1105824827227302
I15_entry_0002.nd2 - C=0-1_pair45_407_475,1,[4.06973043 4.13497553],[5.44882559 5.59146973],3.333424798023989,3.548699292430932,"(36.356937408447266, 36.31460189819336)",6.567444324493408,22.436363220214844,22.436363220214844,6.567444324493408,142.59007263183594,4.05946257487829,25942.0,29230.21186440678,0.8381716956929024,-1,-1.4162126511801354,[ 3.99926311  3.99460621 -1.41621265],[ 4.36733997  4.49947937 -1.42709809],[ 3.80362396  3.70309303 -1.27025624],[4.06973043 4.13497553],1.6153072481067672,0.7384328354870676,0.8671192234351731,-1.4880891329676338
I15_entry_0002.nd2 - C=0-1_pair45_407_475,2,[4.61615596 4.85626349],[5.41519487 5.6920263 ],3.3322691645006057,3.548699292430932,"(42.0995979309082, 44.363037109375)",6.029153823852539,21.521825790405273,21.521825790405273,6.029153823852539,150.69451904296875,4.200911848803996,27613.0,29938.577235772358,0.9370829029354112,-1,-1.152265640820385,[ 4.63095577  4.87993408 -1.15226564],[ 4.90721127  5.35729004 -1.07601296],[ 4.38231945  4.42239536 -1.12444696],[4.61615596 4.85626349],1.4834535327836222,0.6899633162929624,1.127944772396244,-1.2711833177287417
I15_entry_0002.nd2 - C=0-1_pair45_407_475,3,[5.14583338 5.70027783],[5.48791867 5.7400298 ],3.3337136438109374,3.548699292430932,"(43.94710922241211, 53.438697814941406)",13.438559532165527,16.9915771484375,16.9915771484375,13.438559532165527,142.40921020507812,4.056305930038219,30251.0,29840.208053691276,"[0.68027348 0.68027348 0.68027348 0.68027348 0.68027348 0.68027348
 0.68027348 0.68027348]",-1,-3.485344224518872,[ 4.83418201  5.87825676 -3.48534422],[nan nan  0.],[ 4.60094101  5.54053455 -1.29095757],[5.14583338 5.70027783],1.6841663239938514,0.6504057891999568,0.981212349498333,-1.0955766947816237
I15_entry_0002.nd2 - C=0-1_pair45_407_475,4,[5.66845416 6.53437205],[5.46715651 5.73333683],3.345534849284673,3.548699292430932,"(48.217369079589844, 60.06260299682617)",13.080161094665527,15.682087898254395,15.682087898254395,13.080161094665527,170.87252807617188,4.553084542930548,31633.0,29640.296,"[0.60519838 0.60519838 0.60519838 0.60519838 0.60519838 0.60519838
 0.60519838 0.60519838]",-1,-3.457059913513319,[ 5.3039106   6.60688633 -3.45705991],[5.2727763  7.09176308 0.        ],[ 5.29588375  6.19617054 -0.60351248],[5.66845416 6.53437205],1.699281091268834,0.7063175068423536,1.237328299538109,-1.344155429650698
I15_entry_0002.nd2 - C=0-1_pair45_407_475,5,[5.86680884 6.7584626 ],[5.50122483 5.70566638],3.327063846303955,3.548699292430932,"(49.45878219604492, 62.60000991821289)",12.559172630310059,15.616839408874512,15.616839408874512,12.559172630310059,162.26004028320312,4.402768274155424,32221.0,29482.064516129034,"[0.62644545 0.62644545 0.62644545 0.62644545 0.62644545 0.62644545
 0.62644545 0.62644545]",-1,-3.347382015966504,[ 5.44046604  6.88600109 -3.34738202],[nan nan  0.],[nan nan  0.],[5.86680884 6.7584626 ],1.287054200329682,0.8451446686471796,1.5483623960243829,-1.972454881682161
I15_entry_0002.nd2 - C=0-1_pair45_407_475,6,[5.66460151 7.32655804],[5.56449531 5.74712339],3.3186603271101696,3.548699292430932,"(52.0, 67.5)",3.4156503677368164,4.183300018310547,4.183300018310547,3.4156503677368164,90.0,3.141592653589793,39272.0,34399.375,0.8910820535849157,1,0.0,[5.72  7.425 0.   ],[nan nan  0.],[nan nan  0.],[5.66460151 7.32655804],0.9702829461882362,0.7836616084485833,0.6320581877721813,1.6044268863095548
I15_entry_0002.nd2 - C=0-1_pair45_407_475,7,[5.60719225 7.26578085],[5.57688771 5.69780572],3.307034226121325,3.548699292430932,"(50.87668228149414, 67.13090515136719)",3.1351370811462402,7.932223796844482,7.932223796844482,3.1351370811462402,114.7215576171875,3.573065230231199,36550.0,34423.016393442624,0.8191786178049592,1,0.0,[5.59643505 7.38439957 0.        ],[nan nan  0.],[nan nan  0.],[5.60719225 7.26578085],1.1998935580369345,0.7917140569245072,0.5846767906649031,1.6481360433766543
I15_entry_0002.nd2 - C=0-1_pair45_407_475,8,[5.35654431 6.82673265],[5.63088735 5.68521998],3.317209292837179,3.548699292430932,"(48.884429931640625, 62.1220817565918)",6.479780673980713,13.883122444152832,13.883122444152832,6.479780673980713,146.86936950683594,4.134150395017344,37078.0,35000.2183908046,0.9341284386258263,1,1.2334097585380572,[5.37728729 6.83342899 1.23340976],[5.62007332 7.21346535 0.50319841],[5.21385624 6.5412352  0.48541796],[5.35654431 6.82673265],1.6245579866813882,0.8958958641710674,1.0262461719527711,2.2440607528136596
I15_entry_0002.nd2 - C=0-1_pair45_407_475,9,[5.19255677 6.30177144],[5.66141624 5.6605813 ],3.3157576235659474,3.548699292430932,"(47.735958099365234, 57.87321472167969)",6.028242588043213,18.74944305419922,18.74944305419922,6.028242588043213,156.12838745117188,4.295750743647243,36372.0,34549.74257425743,0.9011996473400941,1,0.9875878762115429,[5.25095539 6.36605362 0.98758788],[5.46692162 6.83999977 0.80596481],[5.07248821 5.9510313  1.04868355],[5.19255677 6.30177144],1.7847058739866033,0.8826514895242086,1.1802269766659714,2.165071806512004
I15_entry_0002.nd2 - C=0-1_pair45_407_475,10,[5.02112659 5.50373462],[5.72534835 5.67092689],3.3143053184620848,3.548699292430932,"(45.93803787231445, 50.7669677734375)",5.8783416748046875,15.87655258178711,15.87655258178711,5.8783416748046875,157.01365661621094,4.311201605343556,37311.0,35024.18823529412,0.9140582855604718,1,0.9084504654391798,[5.05318417 5.58436646 0.90845047],[5.24924545 6.00551308 0.80753372],[4.90827751 5.24748222 0.7826003 ],[5.02112659 5.50373462],1.7527350935324688,0.996910959581523,1.1673575708757695,2.879496923549267
I15_entry_0002.nd2 - C=0-1_pair45_407_475,11,[4.87887555 5.05050206],[5.76507326 5.69823969],3.3108171870079044,3.548699292430932,"(44.8541145324707, 46.407615661621094)",5.380801677703857,9.858325958251953,9.858325958251953,5.380801677703857,130.2192840576172,3.8435515831900777,42394.0,37225.94,0.9121023111775225,1,0.654285880599522,[4.9339526  5.10483772 0.65428588],[5.19391312 5.31347828 0.        ],[4.76938816 4.98938816 0.        ],[4.87887555 5.05050206],1.3437481103318216,1.0246558874308829,0.8912408598977373,3.0646947186702738
I15_entry_0002.nd2 - C=0-1_pair45_407_475,12,[4.76339798 4.80205431],[5.74332811 5.76558495],3.3079076010807285,3.548699292430932,"(43.62657928466797, 44.05351257324219)",4.934624671936035,6.318296909332275,6.318296909332275,4.934624671936035,19.62849235534668,1.913378145598233,45469.0,37607.05405405405,0.8575812106300177,1,0.4370690946264091,[4.79892372 4.84588638 0.43706909],[nan nan  0.],[nan nan  0.],[4.76339798 4.80205431],1.1606995095545145,0.8919096471840327,1.3600738768255942,2.2201850293497856
I15_entry_0002.nd2 - C=0-1_pair45_407_475,13,[5.12039768 5.30373102],[5.72050841 5.85880679],3.291566390898371,3.548699292430932,"(44.84111785888672, 45.53537368774414)",3.7675254344940186,5.96654748916626,5.96654748916626,3.7675254344940186,136.2018280029297,3.9479666726810327,38569.0,34771.179487179485,0.8212943333074122,1,0.0,[4.93252296 5.00889111 0.        ],[nan nan  0.],[nan nan  0.],[5.12039768 5.30373102],1.926048794629892,0.8731190861117027,1.0296654037551891,2.108817976701201
I15_entry_0002.nd2 - C=0-1_pair45_407_475,14,[5.51833339 6.01115085],[5.64985004 5.96981284],3.296827756039192,3.548699292430932,"(50.8564338684082, 55.27525329589844)",4.244790554046631,14.447237968444824,14.447237968444824,4.244790554046631,167.3133544921875,4.490965245240013,29254.0,30758.345454545455,0.8097177005233167,-1,-0.2974465081104931,[ 5.59420773  6.08027786 -0.29744651],[5.67541908 6.45750824 0.        ],[5.50658211 5.75556084 0.        ],[5.51833339 6.01115085],1.3957422789633744,0.5456499903774727,1.3469717938094017,-0.636618093046021
I15_entry_0002.nd2 - C=0-1_pair45_407_475,15,[5.68333339 6.27120225],[5.60142153 6.03898946],3.264247577106932,3.548699292430932,"(50.13042068481445, 58.01688003540039)",6.52000617980957,13.29798698425293,13.29798698425293,6.52000617980957,20.191373825073242,1.9232022805434263,31092.0,31384.923076923078,"[0.48460752 0.48460752 0.48460752 0.48460752 0.48460752 0.48460752
 0.48460752 0.48460752]",-1,-1.3928368519214906,[ 5.51434628  6.3818568  -1.39283685],[ 5.71828377  6.09416172 -0.11681027],[nan nan  0.],[5.68333339 6.27120225],1.3441029949710535,0.7565484986394798,1.4183665809428827,-1.5696525833750101
I15_entry_0002.nd2 - C=0-1_pair45_407_475,16,[5.91820376 7.18524081],[5.587698   6.14651588],3.228954170858904,3.548699292430932,"(53.443824768066406, 67.70406341552734)",4.1177778244018555,7.793642044067383,7.793642044067383,4.1177778244018555,23.629444122314453,1.9832079271453056,40555.0,35328.84444444445,0.8926665705169348,1,0.06411580812976148,[5.87882072 7.44744698 0.06411581],[nan nan  0.],[5.83120472 7.70099197 0.        ],[5.91820376 7.18524081],1.812857082768868,0.8682585036997738,1.923581625736932,2.0803248353168833
I15_entry_0002.nd2 - C=0-1_pair45_407_475,17,[5.73520331 7.51063016],[5.55221388 6.14310039],3.231338923156549,3.548699292430932,"(52.29553985595703, 68.5128402709961)",5.222630977630615,9.5524320602417,9.5524320602417,5.222630977630615,87.37983703613281,3.0958621829314974,40729.0,36763.489795918365,0.8932537848430605,1,0.5761491388639506,[5.75250938 7.53641243 0.57614914],[nan nan  0.],[5.5  7.59 0.  ],[5.73520331 7.51063016],1.404820336353327,0.9875124433338331,-0.0034307320769271,2.817833769959379
I15_entry_0002.nd2 - C=0-1_pair45_407_475,18,[5.38129428 7.31090324],[5.54684376 6.12181284],3.253906901695409,3.548699292430932,"(48.84539031982422, 66.81562805175781)",6.784547805786133,14.92920970916748,14.92920970916748,6.784547805786133,131.2691192626953,3.861874664122041,37016.0,35069.08235294118,0.8673641818658481,1,1.4058411211599173,[5.37299294 7.34971909 1.40584112],[5.71951828 7.61487068 0.43645808],[5.09871845 7.11128197 0.65009954],[5.38129428 7.31090324],1.6202036748263178,0.9068936077382854,0.626792466421419,2.310391726994583
I15_entry_0002.nd2 - C=0-1_pair45_407_475,19,[5.06754907 6.59982033],[5.55858845 6.07259172],3.262772344249417,3.548699292430932,"(46.28138732910156, 60.380393981933594)",6.863619804382324,17.723011016845703,17.723011016845703,6.863619804382324,145.02081298828125,4.101886997359362,35981.0,34366.49541284404,0.94725732371719,1,1.451460762886554,[5.09095261 6.64184334 1.45146076],[5.38183048 7.06586098 0.90248676],[4.85192886 6.2730225  1.39361217],[5.06754907 6.59982033],1.6157169436312266,1.01577304217992,0.9501885612654678,3.0048825432985122
I15_entry_0002.nd2 - C=0-1_pair45_407_475,20,[4.77934584 5.75632405],[5.55830276 6.04586837],3.269552903983536,3.548699292430932,"(43.96153259277344, 52.77409362792969)",7.104267120361328,15.144619941711426,15.144619941711426,7.104267120361328,157.74925231933594,4.32404017232661,37401.0,34836.552083333336,0.9348879203385646,1,1.5925837438919404,[4.83576859 5.8051503  1.59258374],[5.03359268 6.2206514  0.66556842],[4.71808792 5.44640152 0.87342339],[4.77934584 5.75632405],1.679263953703234,1.0606955545731138,1.3152413123771656,3.3124814070114468
I15_entry_0002.nd2 - C=0-1_pair45_407_475,21,[4.84779698 5.15862074],[5.59672555 6.00191818],3.2783760366140102,3.548699292430932,"(43.815704345703125, 47.34402084350586)",7.4683380126953125,8.746447563171387,8.746447563171387,7.4683380126953125,67.93582153320312,2.7565000925965535,39727.0,37149.61224489796,"[0.71145481 0.71145481 0.71145481 0.71145481 0.71145481 0.71145481
 0.71145481 0.71145481]",1,1.8127768834553724,[4.81972748 5.20784229 1.81277688],[5.08200008 5.14799992 0.        ],[nan nan  0.],[4.84779698 5.15862074],1.2995291704699563,1.0814287467340473,1.5153708603414715,3.3492919022615846
I15_entry_0002.nd2 - C=0-1_pair45_407_475,22,[4.92820215 4.93311029],[5.63392013 6.04727265],3.2719080657540776,3.548699292430932,"(45.22700881958008, 45.29767608642578)",5.276002407073975,6.255715370178223,6.255715370178223,5.276002407073975,164.3380889892578,4.439037066092886,45384.0,36848.108695652176,0.8486934178781742,1,0.6023740431067601,[4.97497097 4.98274437 0.60237404],[nan nan  0.],[nan nan  0.],[4.92820215 4.93311029],1.102206717137648,0.9700487398465422,-1.498001642542724,2.7046719088312043
I15_entry_0002.nd2 - C=0-1_pair45_407_475,23,[5.1780913  5.16047491],[5.6440552 6.0239606],3.274261533467662,3.548699292430932,"(nan, nan)",,,,,,,,,,0,0.0,[nan nan  0.],[nan nan nan],[nan nan nan],[5.1780913  5.16047491],1.9838914731108053,0.7458336597447908,1.360164493918256,0.0
I15_entry_0002.nd2 - C=0-1_pair45_407_475,24,[5.56769236 5.97074365],[5.64012665 6.00740047],3.2710250788089046,3.548699292430932,"(50.92975616455078, 54.62820053100586)",4.252850532531738,15.135643005371094,15.135643005371094,4.252850532531738,177.70590209960938,4.672349418659785,28470.0,30464.275862068964,0.8208753604452486,-1,-0.3012392587804307,[ 5.60227318  6.00910206 -0.30123926],[ 5.62982227  6.42746746 -0.33777671],[ 5.61868187  5.67495289 -0.33641768],[5.56769236 5.97074365],1.8399468142851227,0.6198462109656578,1.475779759619921,-0.9607801984512214
I15_entry_0002.nd2 - C=0-1_pair45_407_475,25,[5.71497883 6.42168796],[5.63497308 6.02653695],3.272496591357497,3.548699292430932,"(50.18334197998047, 59.14276885986328)",6.113844871520996,15.936999320983887,15.936999320983887,6.113844871520996,24.3646183013916,1.9960391371458481,31251.0,31389.05,"[0.47042636 0.47042636 0.47042636 0.47042636 0.47042636 0.47042636
 0.47042636 0.47042636]",-1,-1.1936043689453655,[ 5.52016762  6.50570457 -1.19360437],[ 5.79776798  6.16060047 -0.22100063],[5.26214153 6.93158321 0.        ],[5.71497883 6.42168796],1.9938486746864068,1.298519874208031,1.3051358103512865,-3.5291768891039577
I15_entry_0002.nd2 - C=0-1_pair45_407_475,26,[5.77919053 7.16707626],[5.6628633  6.10442149],3.277200991401852,3.548699292430932,"(52.27790069580078, 67.14176940917969)",5.420773029327393,9.770173072814941,9.770173072814941,5.420773029327393,48.537742614746094,2.4179397469077775,40495.0,35772.23333333333,0.8895049354528609,1,0.6742320773583446,[5.75056908 7.38559464 0.67423208],[6.01652172 7.23608688 0.        ],[5.61 7.59 0.  ],[5.77919053 7.16707626],1.5402080519520567,0.9688931782459979,2.415699002023144,2.697248473081623
I15_entry_0002.nd2 - C=0-1_pair45_407_475,27,[5.56591062 7.41820333],[5.65751679 6.14251589],3.2624772176290997,3.548699292430932,"(49.92885971069336, 67.72576141357422)",6.452578544616699,13.254838943481445,13.254838943481445,6.452578544616699,110.53129577636719,3.499931364588206,37753.0,35586.769230769234,0.9378705811715716,1,1.218278164921431,[5.49217457 7.44983376 1.21827816],[5.87097515 7.60418221 0.23626381],[5.1740086  7.36164124 0.22582974],[5.56591062 7.41820333],1.5985971534141177,1.0569862326942527,0.3670387282712928,3.286594611864272
I15_entry_0002.nd2 - C=0-1_pair45_407_475,28,[5.237381   7.05373023],[5.59346516 6.2312464 ],3.2438301096086213,3.548699292430932,"(47.97181701660156, 64.62366485595703)",7.4376397132873535,17.077756881713867,17.077756881713867,7.4376397132873535,140.71839904785156,4.02679570831516,35985.0,34426.19642857143,0.9422627195891016,1,1.7938931660060602,[5.27689987 7.10860313 1.79389317],[5.61371487 7.4939959  1.11454467],[5.00901363 6.79179714 1.13412699],[5.237381   7.05373023],1.692638505349163,1.0969184040752848,0.901322858130339,3.440957523744604
I15_entry_0002.nd2 - C=0-1_pair45_407_475,29,[4.88711993 6.44915211],[5.53191753 6.20249319],3.2786697321162,3.548699292430932,"(44.48823547363281, 58.815853118896484)",8.027983665466309,16.738513946533203,16.738513946533203,8.027983665466309,153.27915954589844,4.246022335560521,36297.0,34434.44736842105,0.9143533351232218,1,2.167601623620884,[4.8937059  6.46974384 2.16760162],[5.12330379 6.92024937 1.20594951],[4.71700153 6.10256706 1.07778616],[4.88711993 6.44915211],1.7352058082755777,1.0641364638637787,0.9769924083313036,3.336574688618213
I15_entry_0002.nd2 - C=0-1_pair45_407_475,30,[4.6983844  5.75030618],[5.48901322 6.21178103],3.275143647856654,3.548699292430932,"(42.89651107788086, 52.65301513671875)",7.577027797698975,12.233135223388672,12.233135223388672,7.577027797698975,145.340087890625,4.107459395624243,37605.0,35230.49397590361,0.9272081375885068,1,1.8801132505237046,[4.71861622 5.79183167 1.88011325],[4.94115406 6.11203865 0.02428997],[4.58716373 5.57716373 0.        ],[4.6983844  5.75030618],1.4859028471490754,1.083498730089762,1.1226156027727248,3.41768890224129
I15_entry_0002.nd2 - C=0-1_pair45_407_475,31,[4.57953653 5.4146253 ],[5.48114452 6.28862424],3.26837468668258,3.548699292430932,"(42.17656707763672, 49.31260299682617)",6.840523719787598,7.894567012786865,7.894567012786865,6.840523719787598,127.22803497314453,3.791344437918764,44354.0,38139.06,0.9195112707753889,1,1.438097712126722,[4.63942238 5.42438633 1.43809771],[4.86200008 5.58799992 0.        ],[nan nan  0.],[4.57953653 5.4146253 ],1.2250018149098292,1.1363737905589169,0.5857314981279017,3.288474626258173
I15_entry_0002.nd2 - C=0-1_pair45_407_475,32,[4.60166671 5.27787445],[5.48477731 6.28143858],3.2698473919736823,3.548699292430932,"(42.26551818847656, 48.45863342285156)",5.209493637084961,6.608343124389648,6.608343124389648,5.209493637084961,10.116482734680176,1.7473622592362257,46372.0,39014.21212121212,0.8506479466320689,1,0.5697157518225353,[4.649207   5.33044968 0.56971575],[nan nan  0.],[nan nan  0.],[4.60166671 5.27787445],1.2298955632954351,0.9539447506655296,1.554023080500006,2.6019315839613837
I15_entry_0002.nd2 - C=0-1_pair45_407_475,33,[5.02311426 5.85680617],[5.48251835 6.32562548],3.2577515555901537,3.548699292430932,"(nan, nan)",,,,,,,,,,0,0.0,[nan nan  0.],[nan nan nan],[nan nan nan],[5.02311426 5.85680617],1.7649922561034708,1.198371370592929,1.5992622831453307,0.0
I15_entry_0002.nd2 - C=0-1_pair45_407_475,34,[5.08979172 6.32576395],[5.53555792 6.38540507],3.266016976953432,3.548699292430932,"(46.597381591796875, 60.382957458496094)",3.713815212249756,13.72080135345459,13.72080135345459,3.713815212249756,10.238332748413086,1.7494889431694651,31570.0,31608.106382978724,"[0.77459028 0.77459028 0.77459028 0.77459028 0.77459028 0.77459028
 0.77459028 0.77459028]",-1,-0.04893538499853278,[ 5.12571198  6.64212532 -0.04893538],[5.19528107 6.29217674 0.        ],[5.08026497 7.03170921 0.        ],[5.08979172 6.32576395],1.5158069243447518,0.7799101710984978,1.6204827725543889,-1.675234607189033
I15_entry_0002.nd2 - C=0-1_pair45_407_475,35,[5.60656712 7.11004655],[5.68092598 6.41152784],3.2674907448985486,3.548699292430932,"(nan, nan)",,,,,,,,,,0,0.0,[nan nan  0.],[nan nan nan],[nan nan nan],[5.60656712 7.11004655],2.050027123528329,1.0209560859304598,1.5046989278074685,0.0
I15_entry_0002.nd2 - C=0-1_pair45_407_475,36,[5.88038637 7.8851546 ],[5.73511958 6.44153393],3.261001183884984,3.548699292430932,"(53.982662200927734, 72.25015258789062)",5.507750034332275,8.060593605041504,8.060593605041504,5.507750034332275,92.65947723388672,3.188009287702948,42732.0,37762.93023255814,"[0.78868134 0.78868134 0.78868134 0.78868134 0.78868134 0.78868134
 0.78868134 0.78868134]",1,0.717916558354859,[5.93809284 7.94751678 0.71791656],[nan nan  0.],[nan nan  0.],[5.88038637 7.8851546 ],1.2604006443824531,1.0357540579229003,0.0633471051258689,3.140118933417954
I15_entry_0002.nd2 - C=0-1_pair45_407_475,37,[5.96601228 7.8195027 ],[5.7676117  6.45608474],3.2438301096086213,3.548699292430932,"(54.0242805480957, 71.4113998413086)",6.419257640838623,10.792805671691895,10.792805671691895,6.419257640838623,132.72085571289062,3.887212245049164,39971.0,36543.229508196724,0.8729403412678651,1,1.1998000029791438,[5.94267086 7.85525398 1.1998    ],[6.19142845 8.10857155 0.        ],[5.76888618 7.7121991  0.        ],[5.96601228 7.8195027 ],1.4645932293829895,1.0599831838856886,0.7709080799055684,3.2874290730293465
I15_entry_0002.nd2 - C=0-1_pair45_407_475,38,[5.7710842  7.37800978],[5.74595024 6.40629615],3.2265676559941663,3.548699292430932,"(52.88120651245117, 67.37666320800781)",6.959921836853027,15.523199081420898,15.523199081420898,6.959921836853027,133.51072692871094,3.900998098431959,36778.0,34818.01063829787,0.9074344319791298,1,1.5075200477090283,[5.81693272 7.41143295 1.50752005],[6.18567802 7.73992989 0.85061088],[5.54548183 7.15180183 0.80991753],[5.7710842  7.37800978],1.6361096484333373,1.0161686778308014,0.8116533321151612,3.0075360710295413
I15_entry_0002.nd2 - C=0-1_pair45_407_475,39,[5.37800628 6.78401876],[5.68975824 6.3620555 ],3.2176024604058635,3.548699292430932,"(49.29668045043945, 62.27652359008789)",7.107931137084961,16.790416717529297,16.790416717529297,7.107931137084961,141.80905151367188,4.045831184838719,36656.0,34491.601851851854,0.9601695776557146,1,1.5947593074134083,[5.42263485 6.85041759 1.59475931],[5.74293205 7.24692139 1.00077433],[5.17601898 6.51223045 1.16561154],[5.37800628 6.78401876],1.7425117625139326,1.0146499832877318,0.9475888291748134,2.997355487776666
I15_entry_0002.nd2 - C=0-1_pair45_407_475,40,[5.15271434 6.12420641],[5.61624659 6.30612841],3.2292523612063886,3.548699292430932,"(47.39900207519531, 56.688743591308594)",6.4813151359558105,14.890504837036133,14.890504837036133,6.4813151359558105,151.71287536621094,4.218685519603075,36775.0,35006.788235294116,0.9037080060991999,1,1.2342645770556375,[5.21389023 6.2357618  1.23426458],[5.445      6.6        0.35924377],[5.06952572 5.9079438  0.84413553],[5.15271434 6.12420641],1.6973182555993374,1.0008275564210907,1.0115086004222589,2.9053524782957982
I15_entry_0002.nd2 - C=0-1_pair45_407_475,41,[4.94334269 5.66540974],[5.55374861 6.29756197],3.24827960661523,3.548699292430932,"(45.381839752197266, 51.87856674194336)",6.081517696380615,8.915949821472168,8.915949821472168,6.081517696380615,126.98651123046875,3.787129053387332,42971.0,37660.48,0.892306640111926,1,1.0160060428694875,[4.99200237 5.70664234 1.01600604],[5.23176926 5.89176926 0.        ],[nan nan  0.],[4.94334269 5.66540974],1.2869627641531485,1.1116350914595794,0.5307115116478908,3.411479952243085
I15_entry_0002.nd2 - C=0-1_pair45_407_475,42,[4.84178246 5.47122691],[5.45469675 6.3327428 ],3.2595244817380387,3.548699292430932,"(44.268409729003906, 50.531402587890625)",5.306358814239502,7.4509172439575195,7.4509172439575195,5.306358814239502,16.249143600463867,1.854397383252357,46150.0,37671.42222222222,0.8855976576356565,1,0.617353933128789,[4.86952507 5.55845428 0.61735393],[4.95 5.39 0.  ],[4.84496407 5.77316921 0.        ],[4.84178246 5.47122691],1.2288694717451645,1.0035342500347393,1.7816526061612177,2.923275734544335
I15_entry_0002.nd2 - C=0-1_pair45_407_475,43,[4.78080157 5.45675578],[5.33531191 6.35302093],3.2621820643089467,3.548699292430932,"(43.710479736328125, 49.60007095336914)",4.3535590171813965,9.596268653869629,9.596268653869629,4.3535590171813965,158.50863647460938,4.337293926123607,37871.0,34653.46551724138,0.792385705997939,1,0.16859853003021197,[4.80815277 5.4560078  0.16859853],[4.95 5.72 0.  ],[4.785 5.225 0.   ],[4.78080157 5.45675578],1.3923325783384037,0.7621862215769318,1.391238204460092,1.4894397910140675
I15_entry_0002.nd2 - C=0-1_pair45_407_475,44,[5.01922123 6.1995795 ],[5.32376582 6.34432792],3.2851243901857545,3.548699292430932,"(45.500423431396484, 57.25167465209961)",0.9976947903633118,51.52528762817383,51.52528762817383,0.9976947903633118,179.98916625976562,4.712199895947294,33066.0,32959.333333333336,[0. 0. 0. 0. 0. 0. 0. 0.],1,0.0,[5.00504658 6.29768421 0.        ],[nan nan  0.],[nan nan  0.],[5.01922123 6.1995795 ],1.691380965529947,1.0574353702913313,1.3954464837535354,3.289724341687428
I15_entry_0002.nd2 - C=0-1_pair45_407_475,45,[5.22972661 6.69567715],[5.26775152 6.37676361],3.276319430930918,3.548699292430932,"(nan, nan)",,,,,,,,,,0,0.0,[nan nan  0.],[nan nan nan],[nan nan nan],[5.22972661 6.69567715],2.054670576866521,1.0447599142383441,1.3772121176055911,0.0
I15_entry_0002.nd2 - C=0-1_pair45_407_475,46,[5.26042798 7.3286262 ],[5.25954092 6.3454856 ],3.270436288402045,3.548699292430932,"(47.85689163208008, 67.30509948730469)",4.178233623504639,9.204192161560059,9.204192161560059,4.178233623504639,15.972579002380371,1.8495704204213452,40709.0,36430.95348837209,0.8773595259384431,1,0.09066688957190117,[5.26425808 7.40356094 0.09066689],[5.37883358 7.19357384 0.        ],[5.21357426 7.688834   0.        ],[5.26042798 7.3286262 ],1.4543613444562775,0.8768619619796936,1.8761051634263133,2.1308466710997402
I15_entry_0002.nd2 - C=0-1_pair45_407_475,47,[5.34077783 7.42011119],[5.27342045 6.29191573],3.286589590022301,3.548699292430932,"(48.744815826416016, 67.94007873535156)",5.537058353424072,10.123456001281738,10.123456001281738,5.537058353424072,76.39801788330078,2.904193280856004,40289.0,36306.46428571428,0.9085779855940415,1,0.7327242264290499,[5.36192974 7.47340866 0.73272423],[5.665 7.425 0.   ],[5.13652172 7.56608688 0.        ],[5.34077783 7.42011119],1.411590093163541,0.9753814503862523,2.8883253070618697,2.7390329298953278
I15_entry_0002.nd2 - C=0-1_pair45_407_475,48,[5.32606604 7.36655676],[5.32039521 6.2834458 ],3.311398797409757,3.548699292430932,"(48.132301330566406, 67.35099792480469)",5.881263732910156,14.641534805297852,14.641534805297852,5.881263732910156,118.75798034667969,3.643514096863174,38225.0,35434.3,0.916736554584038,1,0.9099815825427306,[5.29455315 7.40860977 0.90998158],[5.68630184 7.61092209 0.44705558],[4.99578648 7.27667221 0.59814933],[5.32606604 7.36655676],1.7749292439991275,0.9243499177975074,0.5319448967681879,2.4170745550288872
I15_entry_0002.nd2 - C=0-1_pair45_407_475,49,[5.14262337 6.96839319],[5.34540832 6.2914109 ],3.315176777871105,3.548699292430932,"(47.09381103515625, 63.84055709838867)",6.822776794433594,17.088783264160156,17.088783264160156,6.822776794433594,132.85452270507812,3.8895451741640734,36245.0,34608.53465346534,0.9063916701503546,1,1.4278509614808135,[5.18031921 7.02246128 1.42785096],[5.57668243 7.34648888 0.92614679],[4.90241505 6.75817368 1.26910455],[5.14262337 6.96839319],1.7563919018717382,1.0292881872434714,0.7787869936137747,3.0960819650304447
I15_entry_0002.nd2 - C=0-1_pair45_407_475,50,[4.93000005 6.49814821],[5.39975453 6.35120688],3.333424798023989,3.548699292430932,"(45.740379333496094, 59.553375244140625)",7.092531204223633,15.302492141723633,15.302492141723633,7.092531204223633,137.50787353515625,3.9707614673993477,37222.0,34861.989130434784,0.8857142866141409,1,1.5856208396464302,[5.03144173 6.55087128 1.58562084],[5.35715366 6.89715366 0.87820931],[4.78801537 6.29549046 0.59131238],[4.93000005 6.49814821],1.6957948552350364,1.0195281102606577,0.9984821381122828,3.0301070298807664
I15_entry_0002.nd2 - C=0-1_pair45_407_475,51,[4.82425729 5.96012687],[5.4198064  6.37353975],3.334868776778317,3.548699292430932,"(44.914154052734375, 55.20252990722656)",5.294375896453857,11.564756393432617,11.564756393432617,5.294375896453857,139.97901916503906,4.013891094937072,38523.0,36509.09433962264,0.8421973687791454,1,0.6114352180262879,[4.94055695 6.07227829 0.61143522],[5.19803291 6.37064674 0.05138159],[nan nan  0.],[4.82425729 5.96012687],1.5364253353855293,0.9614684723152758,0.8964977041217661,2.649740647716592
I15_entry_0002.nd2 - C=0-1_pair45_407_475,52,[4.85100005 5.66102783],[5.43698414 6.42883543],3.348699292430932,3.548699292430932,"(44.4174919128418, 51.82796859741211)",5.506492614746094,5.88975715637207,5.88975715637207,5.506492614746094,47.89219665527344,2.406672844442034,45267.0,38472.181818181816,0.8636948894120493,1,0.7172822518515796,[4.88592411 5.70107655 0.71728225],[nan nan  0.],[nan nan  0.],[4.85100005 5.66102783],1.0218517998908636,0.9682494262596286,-1.2405615102692142,2.6931163970415106
I15_entry_0002.nd2 - C=0-1_pair45_407_475,53,[5.24207768 5.91396505],[5.51487619 6.50627691],3.3302458408850346,3.548699292430932,"(47.5, 51.0)",4.769696235656738,5.507570743560791,5.507570743560791,4.769696235656738,90.0,3.141592653589793,37361.0,33735.204545454544,0.8724324649107502,1,0.35924376869080543,[5.225      5.61       0.35924377],[nan nan  0.],[nan nan  0.],[5.24207768 5.91396505],1.6298477765887371,1.1040196695088764,1.4493912381991771,3.4622616715875916
I15_entry_0002.nd2 - C=0-1_pair45_407_475,54,[5.70210849 6.53042175],[5.54495677 6.53425549],3.3128523766893725,3.548699292430932,"(51.502708435058594, 60.237648010253906)",3.504206895828247,8.823412895202637,8.823412895202637,3.504206895828247,171.1660614013672,4.558207665919533,29962.0,31223.612903225807,0.803005255000945,-1,0.0,[5.66529793 6.62614128 0.        ],[5.74200008 6.90799992 0.        ],[nan nan  0.],[5.70210849 6.53042175],1.4777753318454658,0.9210454011083742,1.3067570073441823,-2.3227579701540897
I15_entry_0002.nd2 - C=0-1_pair45_407_475,55,[5.97055562 7.37568973],[5.60178596 6.54578704],3.281311808704602,3.548699292430932,"(54.38740921020508, 69.07520294189453)",4.869884014129639,8.50920295715332,8.50920295715332,4.869884014129639,8.9818754196167,1.7275596258711552,36851.0,33979.07894736842,0.8449583700028661,1,0.40636359885922513,[5.98261501 7.59827232 0.4063636 ],[6.02799992 7.39199966 0.        ],[5.99465088 7.90917473 0.        ],[5.97055562 7.37568973],1.0541967324947825,0.741927228271694,-1.3669355497729845,1.3830436050607906
I15_entry_0002.nd2 - C=0-1_pair45_407_475,56,[6.036809   7.62957325],[5.64961327 6.50412405],3.3020807380027986,3.548699292430932,"(55.19725799560547, 69.57166290283203)",5.154701232910156,9.398460388183594,9.398460388183594,5.154701232910156,69.16739654541016,2.7779951315448552,42273.0,35268.02597402597,0.8015852997001554,1,0.5429764968246289,[6.07169838 7.65288292 0.5429765 ],[6.36883358 7.63357384 0.        ],[5.87357426 7.798834   0.        ],[6.036809   7.62957325],1.3413073106573796,0.9984908680934008,-0.4306971153636785,2.889915454054111
I15_entry_0002.nd2 - C=0-1_pair45_407_475,57,[5.97171964 7.77653447],[5.6650516  6.52832578],3.310526343489356,3.548699292430932,"(56.05717468261719, 72.11012268066406)",6.097930431365967,20.06890296936035,20.06890296936035,6.097930431365967,104.56200408935547,3.3957475706379245,37061.0,34950.85393258427,"[0.68666981 0.68666981 0.68666981 0.68666981 0.68666981 0.68666981
 0.68666981 0.68666981]",1,1.0247921181012263,[6.16628922 7.93211349 1.02479212],[6.71898148 8.04688873 0.9981236 ],[5.70473392 7.80956863 0.91889099],[5.97171964 7.77653447],1.83247946648456,0.8505212825622042,0.2003654272382287,1.9774298340582837
I15_entry_0002.nd2 - C=0-1_pair45_407_475,58,[5.23275646 7.67902251],[5.58949327 6.61644845],3.31866032711017,3.548699292430932,"(47.89590072631836, 70.09859466552734)",5.98041296005249,17.956613540649414,17.956613540649414,5.98041296005249,128.00929260253906,3.804979955858024,36735.0,34992.79787234042,0.9010898567372644,1,0.9622056103541539,[5.26854908 7.71084541 0.96220561],[5.7043013  8.02883263 0.70165694],[4.94238102 7.46079414 0.75556759],[5.23275646 7.67902251],1.755160322548921,0.9579837631260162,0.7119176897858466,2.6275558114823028
I15_entry_0002.nd2 - C=0-1_pair45_407_475,59,[4.81958141 7.04304114],[5.58028719 6.71018662],3.3131430160176234,3.548699292430932,"(44.025184631347656, 64.4211654663086)",6.2041144371032715,18.24820899963379,18.24820899963379,6.2041144371032715,138.25631713867188,3.9838242725461863,36429.0,34674.47368421053,0.8659659136087928,1,1.0819912114517933,[4.84277031 7.0863282  1.08199121],[5.18277775 7.4852578  0.61455312],[4.57169624 6.75165409 1.12574056],[4.81958141 7.04304114],1.8551840674075912,0.9609797268234204,0.9467039138911026,2.64662480728033
I15_entry_0002.nd2 - C=0-1_pair45_407_475,60,[4.40590043 6.25419546],[5.54203344 6.69513267],3.307616501718077,3.548699292430932,"(40.69197082519531, 57.79531478881836)",5.310243129730225,12.318977355957031,12.318977355957031,5.310243129730225,141.1679229736328,4.034641380886534,38283.0,35928.983606557376,0.9342482507190952,1,0.619274062950363,[4.47611679 6.35748463 0.61927406],[4.72115406 6.66203865 0.02428997],[4.30172493 6.14827507 0.06594338],[4.40590043 6.25419546],1.5112207182691977,0.9498922987721428,0.8725111106832235,2.5763183134179766
I15_entry_0002.nd2 - C=0-1_pair45_407_475,61,[4.26317905 5.86836426],[5.53263603 6.66138979],3.307616501718077,3.548699292430932,"(39.256099700927734, 53.553749084472656)",5.418129920959473,5.5891642570495605,5.5891642570495605,5.418129920959473,155.56454467773438,4.285909830787182,46997.0,39206.8,0.861921456114523,1,0.672910622607712,[4.31817097 5.8909124  0.67291062],[nan nan  0.],[nan nan  0.],[4.26317905 5.86836426],1.129869522196684,0.8840967037513094,1.6972045196183208,2.173643957166836
I15_entry_0002.nd2 - C=0-1_pair45_407_475,62,[4.54734572 5.95484133],[5.53207287 6.67443087],3.302372325335082,3.548699292430932,"(37.15814208984375, 50.987953186035156)",4.9235148429870605,12.504674911499023,12.504674911499023,4.9235148429870605,110.52892303466797,3.4998899524332554,32190.0,34727.525,"[0.24816682 0.24816682 0.24816682 0.24816682 0.24816682 0.24816682
 0.24816682 0.24816682]",1,0.43178545879769903,[4.08739563 5.60867485 0.43178546],[4.4484737  5.78068707 0.        ],[3.90333916 5.50279381 0.        ],[4.54734572 5.95484133],1.6313816750868684,0.9767767541984002,1.199061262446215,2.7480515572822704
I15_entry_0002.nd2 - C=0-1_pair45_407_475,63,[4.9355556  6.59555562],[5.50796092 6.62804462],3.3003306730068047,3.548699292430932,"(45.3296012878418, 60.54075241088867)",3.781306505203247,17.969858169555664,17.969858169555664,3.781306505203247,152.25584411621094,4.2281621120260136,26877.0,29914.61971830986,0.8900557230566111,-1,-0.08037633987736825,[ 4.98625614  6.65948277 -0.08037634],[ 5.20664093  7.06971642 -0.13845913],[4.79305664 6.29974285 0.        ],[4.9355556  6.59555562],1.8884143770787003,0.652467771612206,1.1220199265121649,-1.1046990941594714
I15_entry_0002.nd2 - C=0-1_pair45_407_475,64,[5.19651084 6.9005876 ],[5.51693424 6.5891695 ],3.3169190098094665,3.548699292430932,"(47.22929763793945, 61.58803939819336)",4.658738136291504,18.21986961364746,18.21986961364746,4.658738136291504,160.29847717285156,4.368532539394128,27232.0,29660.636363636364,0.8475103330378562,-1,-0.49303229032577534,[ 5.19522274  6.77468433 -0.49303229],[ 5.34508591  7.22038567 -0.2981167 ],[ 5.05997105  6.37818096 -0.45908724],[5.19651084 6.9005876 ],1.8763355239685016,0.6246170636777942,1.2766293035333995,-0.9817746333727513
I15_entry_0002.nd2 - C=0-1_pair45_407_475,65,[5.56955617 7.48893642],[5.55422142 6.60375811],3.312561711860852,3.548699292430932,"(50.62373352050781, 66.02974700927734)",5.698858261108398,9.620128631591797,9.620128631591797,5.698858261108398,168.23182678222656,4.506995610789527,26003.0,30589.154761904763,"[0.70833911 0.70833911 0.70833911 0.70833911 0.70833911 0.70833911
 0.70833911 0.70833911]",-1,-0.9917145967539298,[ 5.56861069  7.26327217 -0.9917146 ],[5.63463444 7.48200409 0.        ],[5.555 7.04  0.   ],[5.56955617 7.48893642],1.8440399503905536,0.994511355751586,1.556361508678511,-2.666479126140171
I15_entry_0002.nd2 - C=0-1_pair45_407_475,66,[5.69416016 8.04227042],[5.60356371 6.64763681],3.2947826679526107,3.548699292430932,"(51.99925994873047, 73.38146209716797)",5.290835857391357,6.299551963806152,6.299551963806152,5.290835857391357,118.07919311523438,3.6316670247539564,43449.0,37222.08108108108,"[0.78312309 0.78312309 0.78312309 0.78312309 0.78312309 0.78312309
 0.78312309 0.78312309]",1,0.6096880718457252,[5.71991859 8.07196083 0.60968807],[nan nan  0.],[nan nan  0.],[5.69416016 8.04227042],1.0403832319160045,0.9853967419483296,0.7212269168753298,2.8040266771150506
I15_entry_0002.nd2 - C=0-1_pair45_407_475,67,[5.92023283 7.97930176],[5.58516933 6.65843106],3.29332111322162,3.548699292430932,"(53.90430450439453, 72.90764617919922)",5.21310567855835,9.304438591003418,9.304438591003418,5.21310567855835,125.67862701416016,3.7643021675778816,41475.0,37344.549019607846,0.9056127137969416,1,0.5714837184061681,[5.9294735  8.01984108 0.57148372],[6.215 8.195 0.   ],[5.76357426 7.908834   0.        ],[5.92023283 7.97930176],1.4383145296429967,1.0154742749639107,0.5780620904307289,3.0028793567239784
I15_entry_0002.nd2 - C=0-1_pair45_407_475,68,[5.69648154 7.73148156],[5.55053612 6.67762515],3.296535678275072,3.548699292430932,"(52.22655487060547, 70.63882446289062)",6.200254917144775,16.11089515686035,16.11089515686035,6.200254917144775,129.9364013671875,3.83861434884518,36761.0,34992.54347826087,0.9623384834672544,1,1.0799013069473125,[5.74492104 7.77027069 1.07990131],[6.10076984 8.07246269 0.5553993 ],[5.44054955 7.52005325 0.7920802 ],[5.69648154 7.73148156],1.6781076598728633,0.9471532881888112,0.7452234158186971,2.559060969807687
